,Month,Mean (°F)
0,January,50.92857142857143
1,February,55.028571428571425
2,March,61.92857142857143
3,April,69.02857142857142
4,May,76.52857142857144
5,June,82.84285714285714
6,July,85.01428571428572
7,August,84.89999999999999
8,September,79.17142857142858
9,October,70.42857142857143
10,November,59.800000000000004
11,December,52.199999999999996
